{
  "test_loss": 0.5406633019447327,
  "test_accuracy": 0.7786144614219666,
  "macro_precision": 0.7493603119761914,
  "macro_recall": 0.7383378853418997,
  "macro_f1": 0.7357779333261272,
  "weighted_f1": 0.7847784686085391,
  "epochs_executed": 17,
  "classes": [
    "Dropout",
    "Enrolled",
    "Graduate"
  ],
  "classification_report": {
    "Dropout": {
      "precision": 0.9207317073170732,
      "recall": 0.705607476635514,
      "f1-score": 0.798941798941799,
      "support": 214.0
    },
    "Enrolled": {
      "precision": 0.4838709677419355,
      "recall": 0.6302521008403361,
      "f1-score": 0.5474452554744526,
      "support": 119.0
    },
    "Graduate": {
      "precision": 0.8434782608695652,
      "recall": 0.879154078549849,
      "f1-score": 0.8609467455621301,
      "support": 331.0
    },
    "accuracy": 0.7786144578313253,
    "macro avg": {
      "precision": 0.7493603119761914,
      "recall": 0.7383378853418997,
      "f1-score": 0.7357779333261272,
      "support": 664.0
    },
    "weighted avg": {
      "precision": 0.8039285163779669,
      "recall": 0.7786144578313253,
      "f1-score": 0.7847784686085391,
      "support": 664.0
    }
  }
}