{
  "test_loss": 0.5523732304573059,
  "test_accuracy": 0.7605421543121338,
  "macro_precision": 0.7311202843710584,
  "macro_recall": 0.728047364299646,
  "macro_f1": 0.7202497231888643,
  "weighted_f1": 0.7711974529325781,
  "epochs_executed": 29,
  "classes": [
    "Dropout",
    "Enrolled",
    "Graduate"
  ],
  "classification_report": {
    "Dropout": {
      "precision": 0.888235294117647,
      "recall": 0.705607476635514,
      "f1-score": 0.7864583333333334,
      "support": 214.0
    },
    "Enrolled": {
      "precision": 0.4444444444444444,
      "recall": 0.6386554621848739,
      "f1-score": 0.5241379310344828,
      "support": 119.0
    },
    "Graduate": {
      "precision": 0.8606811145510835,
      "recall": 0.8398791540785498,
      "f1-score": 0.8501529051987767,
      "support": 331.0
    },
    "accuracy": 0.7605421686746988,
    "macro avg": {
      "precision": 0.7311202843710584,
      "recall": 0.728047364299646,
      "f1-score": 0.7202497231888643,
      "support": 664.0
    },
    "weighted avg": {
      "precision": 0.794964895702521,
      "recall": 0.7605421686746988,
      "f1-score": 0.7711974529325781,
      "support": 664.0
    }
  }
}